id,gmail_id,thread_id,subject,from_email,to_email,email_date,snippet,labels,is_unread,ai_analysis,business_relevance,priority_level,key_topics,sentiment,synced_at,importance_score,urgency_score,ai_tags,ai_reasoning,analyzed_at
28,194fc6bd5f5d6c67,194fc6bd5f5d6c67,No Subject,allan@testpilotcpg.com,Allan Peretz <afperetz@gmail.com>,2025-10-06 08:44:46.382197,-- Allan Peretz Co-Founder &amp; CEO TestPilot CPG 1.512.425.4110 website linkedin calendar,{SENT},f,,,,,,2025-10-06 09:08:24.343453,60.00,30.00,"{Action,Action}",ğŸ‘¤ CLIENT COMMUNICATION | ğŸ“… MEETING REQUEST,2025-10-06 09:13:06.095871
58,194fb1945ef9de36,194fb1945ef9de36,"Issue #186: How LeBron Gave Luka Chills Just Before His Lakers Debut, the #1 Thing Workers Need from Bosses Now (According to New Research), and More",Scott Mautz via LinkedIn <newsletters-noreply@linkedin.com>,Allan Peretz <allan@testpilotcpg.com>,2025-10-06 08:44:46.382197,Listen to this issue here if you&#39;d prefer. Don&#39;t want to miss an issue? Clickâ€¦ Í Í Í Í Í Í Í Í Í Í Í Í Í Í Í Í Í Í Í Í Í Í Í Í Í Í Í Í Í Í Í Í Í Í Í Í Í Í Í Í Í Í Í Í Í Í Í Í Í Í Í Í Í Í Í Í Í,"{CATEGORY_PROMOTIONS,UNREAD}",t,,,,,,2025-10-06 09:08:30.987619,0.00,30.00,"{LinkedIn,FYI,Interesting,Notes,FYI,FYI}",ğŸ“š INTERESTING CONTENT | âš¡ MARKED AS URGENT,2025-10-06 09:13:13.593702
59,194fb1662cee6199,194fb0d0ba4682fc,Re: Help Please - Re: Bold Strategies W-2 [Taylor Quinlan],Taylor Quinlan <taylor.quinlan@harvestgroup.com>,"""allan@testpilotcpg.com"" <allan@testpilotcpg.com>",2025-10-06 08:44:46.382197,"Hey Allan, It was a phone conversation with Insolved but happy to get an email thread going as well. Harvest Group Taylor Quinlan Sr. Digital Advertising Manager 901.409.6579 | 5100 W JB Hunt Dr, Suite","{IMPORTANT,CATEGORY_PERSONAL}",f,,,,,,2025-10-06 09:08:31.21569,0.00,30.00,{FYI},"",2025-10-06 09:13:13.818283
60,194faffff30c4c74,194faffff30c4c74,Things that we need from Allan,Ed Escobar <ed@sidetool.co>,"Barbara Sanchez <barbara.sanchez@sidetool.co>, Allan Peretz <allan@testpilot.ai>",2025-10-06 08:44:46.382197,"Hi Allan, We need your help with this: OpenReplay account â€” https://app.openreplay.com/signup OpenAI account â€” https://platform.openai.com/ OpenRouter account â€” https://openrouter.ai/ We will let you",{CATEGORY_PERSONAL},f,,,,,,2025-10-06 09:08:31.427552,0.00,30.00,{FYI},"",2025-10-06 09:13:14.025401
61,194faee7e4d0820f,194fad41a17cf85a,Re: Bold Strategies W-2 [Taylor Quinlan],Taylor Quinlan <taylor.quinlan@harvestgroup.com>,"""allan@testpilotcpg.com"" <allan@testpilotcpg.com>",2025-10-06 08:44:46.382197,"Hey Allan, Yes, Insolve handles W-2 distribution, but since BOLD is no longer a client with Insolved, self-serve access is restricted. It hasn&#39;t been emailed yet, and Karla might be the best","{IMPORTANT,CATEGORY_PERSONAL}",f,,,,,,2025-10-06 09:08:31.635714,0.00,30.00,{FYI},"",2025-10-06 09:13:14.237298
62,194fa8525fdd0f5a,194fa8525fdd0f5a,"ğŸ¦‰ Last chance for 30% off Postcards, Flyers + Stickers",MOO <info@email.moo.com>,allan@testpilotcpg.com,2025-10-06 08:44:46.382197,"Ends at midnight EST, tonight! Í â€Œ ï»¿ Í â€Œ ï»¿ Í â€Œ ï»¿ Í â€Œ ï»¿ Í â€Œ ï»¿ Í â€Œ ï»¿ Í â€Œ ï»¿ Í â€Œ ï»¿ Í â€Œ ï»¿ Í â€Œ ï»¿ Í â€Œ ï»¿ Í â€Œ ï»¿ Í â€Œ ï»¿ Í â€Œ ï»¿ Í â€Œ ï»¿ Í â€Œ ï»¿ Í â€Œ ï»¿ Í â€Œ ï»¿ Í â€Œ ï»¿ Í â€Œ ï»¿ Í â€Œ ï»¿ Í â€Œ ï»¿ Í â€Œ ï»¿ Í â€Œ ï»¿ Í â€Œ ï»¿ Í â€Œ ï»¿ Í â€Œ ï»¿ Í â€Œ ï»¿ Í",{CATEGORY_PROMOTIONS},f,,,,,,2025-10-06 09:08:31.847624,0.00,30.00,{FYI},"",2025-10-06 09:13:14.465425
63,19500898061a8ce1,19500898061a8ce1,CataBoom Wins â¤ï¸â¤ï¸â¤ï¸ with GamificationÂ ,Aaron Lobliner <alobliner@cataboom.com>,allan@testpilot.ai,2025-10-06 08:44:46.382197,"We recently asked several clients why they â¤ï¸ CataBoom? The love letters we got back made us blush. Check them out! Hey Allanâ€‹, We recently asked several clients why they â¤ï¸ CataBoom? The love letters","{CATEGORY_PROMOTIONS,IMPORTANT}",f,,,,,,2025-10-06 09:08:32.055462,0.00,30.00,{FYI},"",2025-10-06 09:13:14.681427
64,1950032ed9e1fbc3,194e13bcac8bbe45,RE: Advisory Services Agreement,Craig Cockrell <ccockrell@mwlaw.com>,"""allan@testpilotcpg.com"" <allan@testpilotcpg.com>",2025-10-06 08:44:46.382197,Not exactly. We have to establish a value for tax purposes on the front end. That&#39;s derived from the value assigned to Ed&#39;s Units based on the services he was providing. Logo Craig Cockrell T,"{IMPORTANT,CATEGORY_PERSONAL}",f,,,,,,2025-10-06 09:08:32.275636,0.00,30.00,{FYI},"",2025-10-06 09:13:14.901466
65,195002df5e804f78,194faffff30c4c74,Re: Things that we need from Allan,Ed Escobar <ed@sidetool.co>,allan@testpilotcpg.com,2025-10-06 08:44:46.382197,"Got it, Allan! Thanks for sending it over -- Ed Escobar lp: sidetool.co li: linkedin.com/in/edjescobar wa: +17048169059 On Thu, Feb 13, 2025 at 11:38 AM, &lt;allan@testpilotcpg.com&gt; wrote: Name:","{IMPORTANT,CATEGORY_PERSONAL}",f,,,,,,2025-10-06 09:08:32.496028,0.00,30.00,{FYI},"",2025-10-06 09:13:15.133266
66,194ff671ff968ef9,194ff671ff968ef9,How to prioritize leads effectively,B2B Whales <b2bwhales@mail.beehiiv.com>,"""allan@testpilotcpg.com"" <allan@testpilotcpg.com>",2025-10-06 08:44:46.382197,stop wasting time on the wrong prospects â€Œ â€Œ â€Œ â€Œ â€Œ â€Œ â€Œ â€Œ â€Œ â€Œ â€Œ â€Œ â€Œ â€Œ â€Œ â€Œ â€Œ â€Œ â€Œ â€Œ â€Œ â€Œ â€Œ â€Œ â€Œ â€Œ â€Œ â€Œ â€Œ â€Œ â€Œ â€Œ â€Œ â€Œ â€Œ â€Œ â€Œ â€Œ â€Œ â€Œ â€Œ â€Œ â€Œ â€Œ â€Œ â€Œ â€Œ â€Œ â€Œ â€Œ â€Œ â€Œ â€Œ â€Œ â€Œ â€Œ â€Œ â€Œ â€Œ â€Œ â€Œ â€Œ â€Œ â€Œ â€Œ â€Œ â€Œ â€Œ â€Œ â€Œ â€Œ â€Œ â€Œ â€Œ â€Œ â€Œ â€Œ â€Œ â€Œ â€Œ,{CATEGORY_PROMOTIONS},f,,,,,,2025-10-06 09:08:32.707529,0.00,30.00,{FYI},"",2025-10-06 09:13:15.349718
67,194fd0adefa939db,194fd0adefa939db,v0 Product Update,Vercel <ship@info.vercel.com>,allan@gotime.ventures,2025-10-06 08:44:46.382197,Templates | Tailwind config | Figma tokens â€Í Í â€Í Í â€Í Í â€Í Í â€Í Í â€Í Í â€Í Í â€Í Í â€Í Í â€Í Í â€Í Í â€Í Í â€Í Í â€Í Í â€Í Í â€Í Í â€Í Í â€Í Í â€Í Í â€Í Í â€Í Í â€Í Í â€Í Í â€Í Í â€Í Í â€Í Í â€Í Í â€Í Í â€Í Í â€Í Í â€Í Í â€Í,"{CATEGORY_PROMOTIONS,UNREAD,Label_17}",t,,,,,,2025-10-06 09:08:32.9282,0.00,30.00,{FYI},"",2025-10-06 09:13:15.557555
68,194fcb2e4a09441b,194fcb2e4a09441b,Important Notice: Your February 2025 Statement,American Express <AmericanExpress@welcome.americanexpress.com>,allan@gotime.ventures,2025-10-06 08:44:46.382197,Log in to view your statement and see these changes online ALLAN PERETZ Account Ending: 31001 Your February 2025 statement is ready Please view your PDF Billing Statement for important notice(s) about,{CATEGORY_UPDATES},f,,,,,,2025-10-06 09:08:33.132093,0.00,30.00,{FYI},"",2025-10-06 09:13:15.785475
69,194fbbdc73b17ab8,194fbbdc73b17ab8,SAVE THE DATE: Join Us in Austin for Health Supernova 2025 ğŸ©º,Capital Factory <healthsupernova@capitalfactory.com>,allan@testpilot.ai,2025-10-06 08:44:46.382197,"The health tech event of the year is finally in Austin! Get ready to innovate, network, and level up. Early Bird registration is officially OPEN! HSN 2025 Social Tiles BIG NEWS ğŸš¨ Health Supernova is","{CATEGORY_PROMOTIONS,IMPORTANT}",f,,,,,,2025-10-06 09:08:33.343383,0.00,30.00,{FYI},"",2025-10-06 09:13:15.99783
71,194fc734da2352d3,194fc734da2352d3,Amazon faces a new union vote,LinkedIn News <editors-noreply@linkedin.com>,Allan Peretz <allan@testpilotcpg.com>,2025-10-06 08:44:46.382197,Organizers at a distribution center in North Carolina are seeking a wage increase to $30 an hour. Í Í Í Í Í Í Í Í Í Í Í Í Í Í Í Í Í Í Í Í Í Í Í Í Í Í Í Í Í Í Í Í Í Í Í Í Í Í Í Í Í Í Í Í Í Í Í Í Í Í Í Í,{CATEGORY_UPDATES},f,,,,,,2025-10-06 09:08:33.771224,30.00,10.00,"{Action,LinkedIn,FYI,FYI}",ğŸ’° REVENUE OPPORTUNITY,2025-10-06 09:13:16.46984
72,194fa848b3ad606c,194fa848b3ad606c,Your recurring payment was successful!,Semrush Subscription <noreply@semrush.com>,Allan <allan@gotime.ventures>,2025-10-06 08:44:46.382197,"Hello, Your recurring payment of US$149.19 has been completed successfully using the credit card ending with 1001. The account Allan has been renewed with PRO 1 month Recurring. You can find complete",{CATEGORY_UPDATES},f,,,,,,2025-10-06 09:08:33.979511,20.00,10.00,"{Action,FYI}",ğŸ’° REVENUE OPPORTUNITY,2025-10-06 09:13:16.685575
73,194fb52e8900ee5b,194fb52e8900ee5b,The Future of UX Testing,Userbrain <no-reply@userbrain.com>,<allan@gotime.ventures>,2025-10-06 08:44:46.382197,"Discover how to leverage AI while keeping real human insights at the core. Want to speed up user testing without losing real user feedback? Join Stefan RÃ¶ssler, Co-Founder &amp; Head of Product at",{CATEGORY_PROMOTIONS},f,,,,,,2025-10-06 09:08:34.17934,15.00,10.00,"{Comment,Interesting,Notes,FYI}",ğŸ’¬ REQUIRES COMMENT | ğŸ“š INTERESTING CONTENT,2025-10-06 09:13:16.897693
74,194f90f8d6338f50,194f90f8d6338f50,"""This patch is perfectly fine""",Reddit <noreply@redditmail.com>,allan@gotime.ventures,2025-10-06 08:44:46.382197,"r/Helldivers: This patch is perfectly fine Dear devs, I&#39;ve looked at the discord just minutes after the patch. People are already calling it nerfing the fun out of the game. The patch is perfect.","{IMPORTANT,CATEGORY_UPDATES}",f,,,,,,2025-10-06 09:08:34.39228,5.00,10.00,"{Action,FYI}",ğŸ“… MEETING REQUEST,2025-10-06 09:13:17.121479
75,194f7e07187792f5,194f78db84945c64,New message from u/welcomebot,Reddit <noreply@redditmail.com>,allan@gotime.ventures,2025-10-06 08:44:46.382197,"Welcome to r/confession - a place to admit your wrongdoings and cleanse yourself of guilt. We hope your stay is well. Please take some time to review our rules, especially before confessing anything...","{IMPORTANT,CATEGORY_PERSONAL}",f,,,,,,2025-10-06 09:08:34.612098,0.00,10.00,{FYI},"",2025-10-06 09:13:17.341452
76,194f81808f65aa43,194f81808f65aa43,1 new job for â€œHead Commerceâ€,LinkedIn Job Alerts <jobalerts-noreply@linkedin.com>,Allan Peretz <allan@testpilotcpg.com>,2025-10-06 08:44:46.382197,View jobs in United States Í Í Í Í Í Í Í Í Í Í Í Í Í Í Í Í Í Í Í Í Í Í Í Í Í Í Í Í Í Í Í Í Í Í Í Í Í Í Í Í Í Í Í Í Í Í Í Í Í Í Í Í Í Í Í Í Í Í Í Í Í Í Í Í Í Í Í Í Í Í Í Í Í Í Í Í Í Í Í Í Í Í Í Í Í Í Í,{CATEGORY_UPDATES},f,,,,,,2025-10-06 09:08:34.827983,0.00,10.00,"{LinkedIn,FYI,FYI}","",2025-10-06 09:13:17.545535
77,194ff92144e426df,194ff92144e426df,You appeared in 2 searches,LinkedIn <notifications-noreply@linkedin.com>,Allan Peretz <allan@gotime.ventures>,2025-10-06 08:44:46.382197,See who searched for your profile Í Í Í Í Í Í Í Í Í Í Í Í Í Í Í Í Í Í Í Í Í Í Í Í Í Í Í Í Í Í Í Í Í Í Í Í Í Í Í Í Í Í Í Í Í Í Í Í Í Í Í Í Í Í Í Í Í Í Í Í Í Í Í Í Í Í Í Í Í Í Í Í Í Í Í Í Í Í Í Í Í Í Í Í,{CATEGORY_SOCIAL},f,,,,,,2025-10-06 09:08:35.040095,0.00,10.00,"{LinkedIn,FYI,FYI}","",2025-10-06 09:13:17.761397
78,194fa7f4cda4fbc9,194fa7f4cda4fbc9,Give your quick reaction using emojis ğŸ‰,Slack <no-reply@email.slackhq.com>,<allan@testpilotcpg.com>,2025-10-06 08:44:46.382197,"Why reply when you can ğŸ‘€ Slack The power of emoji in Slack Emoji reactions are a fun, efficient way to respond in Slack. Just like in social media, you can ğŸ‘ things you like. But you can also use ğŸ‘€ to",{CATEGORY_PROMOTIONS},f,,,,,,2025-10-06 09:08:35.244211,0.00,10.00,{FYI},"",2025-10-06 09:13:17.977358
79,19500a7968caeb8e,19500a7968caeb8e,New message from u/welcomebot,Reddit <noreply@redditmail.com>,allan@gotime.ventures,2025-10-06 08:44:46.382197,"Welcome to r/microscopy! Please remember this is a sub for all ages. When posting content please remember to include the magnification. Report spam and toxic behavior, and don&#39;t put immersion oil .","{IMPORTANT,CATEGORY_UPDATES}",f,,,,,,2025-10-06 09:08:35.4603,0.00,10.00,{FYI},"",2025-10-06 09:13:18.18544
80,194fcf2b52aec571,194fcf2b52aec571,"""It's happening...bring the pain!!!""",Reddit <noreply@redditmail.com>,allan@gotime.ventures,2025-10-06 08:44:46.382197,r/economicCollapse: It&#39;s happening...bring the pain!!! r/economicCollapse Â· Posted by u/coachlife 1d ago It&#39;s happening...bring the pain!!! Read More 13483 Votes 747 Comments Hide r/,"{CATEGORY_PROMOTIONS,IMPORTANT}",f,,,,,,2025-10-06 09:08:35.720227,0.00,10.00,"{Comment,FYI}",ğŸ’¬ REQUIRES COMMENT,2025-10-06 09:13:18.397548
81,194ffd5697e1246f,194ffd5697e1246f,"Reminder: something else with Cassandra Jaime at 09:00am (Central Time - US & Canada) on Friday, February 14, 2025","""Cassandra Jaime (via Calendly)"" <notifications@calendly.com>",allan@testpilotcpg.com,2025-10-06 08:44:46.382197,"Hi Allan Peretz, This is a friendly reminder that your something else with Cassandra Jaime is at 09:00am (Central Time - US &amp; Canada) on Friday, February 14, 2025. Location: Capital Factory, 16th",{CATEGORY_UPDATES},f,,,,,,2025-10-06 09:08:35.924249,0.00,10.00,{FYI},"",2025-10-06 09:13:18.613696
9,195004171772b69d,195004171772b69d,"TestPilot Simulations, LLC: Advisor Agreement",allan@testpilotcpg.com,David Ahuja <dahuja15@gmail.com>,2025-10-06 08:44:46.382197,"Hey David: Hope all&#39;s great with you! Please find attached the advisor agreement our attorney pulled together and let me know if questions. All&#39;s good here. Let&#39;s stay in touch. Best, Allan",{SENT},f,,,,,,2025-10-06 09:08:19.620064,55.00,80.00,"{Action,Comment}",ğŸ‘¤ CLIENT COMMUNICATION | ğŸ’¬ REQUIRES COMMENT | âš¡ MARKED AS URGENT,2025-10-06 09:13:00.688811
1,19500250abc03c35,194e13bcac8bbe45,Re: Advisory Services Agreement,allan@testpilotcpg.com,Craig Cockrell <ccockrell@mwlaw.com>,2025-10-06 08:44:46.382197,"Craig: This looks good - if they ask about the $10 per unit, is that just standard? Thanks -- Allan Peretz Co-Founder &amp; CEO TestPilot CPG 1.512.425.4110 website linkedin calendar On Feb 7, 2025 at",{SENT},f,,,,,,2025-10-06 09:08:13.39234,100.00,30.00,"{Action,Action,Action}",ğŸ’° REVENUE OPPORTUNITY | ğŸ‘¤ CLIENT COMMUNICATION | ğŸ“… MEETING REQUEST,2025-10-06 09:12:54.164613
2,194fc6394c54f328,194fc6394c54f328,Answers + Another Question - RE: Bold Questions,allan@testpilotcpg.com,Emily Duvall <eduvall@cfonet.biz>,2025-10-06 08:44:46.382197,Hi both... Providing the answers I&#39;m able to figure out. Starting from the top... Not sure on the $7240 - I&#39;ve attached check image from FSB (which didn&#39;t mean much to me) and can follow-up,{SENT},f,,,,,,2025-10-06 09:08:14.784325,95.00,30.00,"{Action,Action,Comment}",ğŸ’° REVENUE OPPORTUNITY | ğŸ‘¤ CLIENT COMMUNICATION | ğŸ’¬ REQUIRES COMMENT,2025-10-06 09:12:55.499894
3,19500228b62acf88,194faffff30c4c74,Re: Things that we need from Allan,allan@testpilotcpg.com,"Barbara Sanchez <barbara.sanchez@sidetool.co>, Ed Escobar <ed@sidetool.co>",2025-10-06 08:44:46.382197,"Hi! OpenReplay: allan@testpilotcpg.com / Q@7kA23UyqHY9DT OpenAI: I already have a business account... Do I just need to get you the API key? OpenRouter: allan@testpilotcpg.com / b4-X$6ah_vU3s-$ Thanks,",{SENT},f,,,,,,2025-10-06 09:08:15.484079,75.00,30.00,"{Action,Action}",ğŸ’° REVENUE OPPORTUNITY | ğŸ‘¤ CLIENT COMMUNICATION,2025-10-06 09:12:56.20007
4,194fbd3c07da775d,194fbd3c07da775d,Your Listing Insights for LeadershipQuotes.com,Flippa Listing Insights <support@flippa.com>,allan@testpilotcpg.com,2025-10-06 08:44:46.382197,Hi Allan This week&#39;s listing insights are as follows: 184 Total listing views 2 New watchers 1 New discussions See discussions 0 New comments See comments Tips and tricks to get the deal done Post,{CATEGORY_UPDATES},f,,,,,,2025-10-06 09:08:16.175965,75.00,30.00,"{Action,Comment,Interesting,Notes}",ğŸ’° REVENUE OPPORTUNITY | ğŸ’¬ REQUIRES COMMENT | ğŸ“š INTERESTING CONTENT,2025-10-06 09:12:56.891922
5,194fafe104e88cd4,194fad41a17cf85a,Re: Bold Strategies W-2 [Taylor Quinlan],allan@testpilotcpg.com,Taylor Quinlan <taylor.quinlan@harvestgroup.com>,2025-10-06 08:44:46.382197,"I&#39;ll text her now... -- Allan Peretz Co-Founder &amp; CEO TestPilot CPG 1.512.425.4110 website linkedin calendar On Feb 12, 2025, 10:12 AM -0600, Taylor Quinlan &lt;taylor.quinlan@harvestgroup.com",{SENT},f,,,,,,2025-10-06 09:08:16.883653,60.00,80.00,"{Action,Action}",ğŸ‘¤ CLIENT COMMUNICATION | ğŸ“… MEETING REQUEST | âš¡ MARKED AS URGENT,2025-10-06 09:12:57.653401
6,194fac56e141954f,1947136865139c57,Fwd: MVP of Experience and Reporting,allan@testpilotcpg.com,"Barbara Sanchez <barbara.sanchez@sidetool.co>, Ed Escobar <ed@sidetool.co>",2025-10-06 08:44:46.382197,Hi Both - Re-sending this in case useful in today&#39;s discussion (#reporting). Thanks! -- Allan Peretz Co-Founder &amp; CEO TestPilot CPG 1.512.425.4110 website linkedin calendar ---------- Forwarded,{SENT},f,,,,,,2025-10-06 09:08:17.587692,60.00,70.00,"{Action,Action}",ğŸ‘¤ CLIENT COMMUNICATION | ğŸ“… MEETING REQUEST | â° DEADLINE MENTIONED,2025-10-06 09:12:58.389479
7,195000743eeb2e1d,195000743eeb2e1d,Looking Forward (Friday 9am) - In Person or Zoom?,allan@testpilotcpg.com,cassandramjaime@gmail.com,2025-10-06 08:44:46.382197,Hi Cassandra: Thanks for taking the time to meet tomorrow! I had already planned to be here at Capital Factory 16th Floor tomorrow (I&#39;m at spot #145 near the big conf room) but wasn&#39;t sure if,{SENT},f,,,,,,2025-10-06 09:08:18.268322,60.00,70.00,"{Action,Action}",ğŸ‘¤ CLIENT COMMUNICATION | ğŸ“… MEETING REQUEST | â° DEADLINE MENTIONED,2025-10-06 09:12:59.158138
8,195003ca12ff5f92,195003ca12ff5f92,"TestPilot Simulations, LLC: Advisor Agreement",allan@testpilotcpg.com,"Jeff Amerine <jeff@startupjunkieconsulting.com>, Brett Amerine <brett@startupjunkieconsulting.com>",2025-10-06 08:44:46.382197,"Hi Gentlemen: Great connecting with you last week. Please let me know if this looks good to you as draft. I&#39;ll stand by for any input or questions! Thanks, Allan -- Allan Peretz Co-Founder &amp;",{SENT},f,,,,,,2025-10-06 09:08:18.947844,55.00,80.00,"{Action,Comment}",ğŸ‘¤ CLIENT COMMUNICATION | ğŸ’¬ REQUIRES COMMENT | âš¡ MARKED AS URGENT,2025-10-06 09:12:59.93083
10,195003ab82666361,195003ab82666361,"TestPilot Simulations, LLC: Advisor Agreement",allan@testpilotcpg.com,Dan Arnsperger <darnsperger@live.com>,2025-10-06 08:44:46.382197,"Hi Dan: Please have a look and let me know if all looks good to you. This was prepared by Craig Cockrell who you know from BOLD. Thanks, Allan -- Allan Peretz Co-Founder &amp; CEO TestPilot CPG 1.512.",{SENT},f,,,,,,2025-10-06 09:08:20.291673,35.00,80.00,{Action},ğŸ‘¤ CLIENT COMMUNICATION | âš¡ MARKED AS URGENT,2025-10-06 09:13:01.423835
11,19500ad7549ca3c9,19500ad7549ca3c9,Mid week update,Kristina Mustapic <kristina@testpilotcpg.com>,Allan Peretz <allan@testpilotcpg.com>,2025-10-06 08:44:46.382197,"Hi Allan! Now that things are picking up with Ninety and now Motion for PM work, I thought I could send you a weekly update for my own key highlights of the week on Fridays, then on Mondays we have our",{CATEGORY_PERSONAL},f,,,,,,2025-10-06 09:08:20.49991,35.00,80.00,{Action},ğŸ‘¤ CLIENT COMMUNICATION | âš¡ MARKED AS URGENT,2025-10-06 09:13:01.67978
12,19500323c5233333,194f5d2396929341,Re: Personal Video for Allan,Laurence Thomas <laurencet@try-straightupleads.co>,allan@testpilotcpg.com,2025-10-06 08:44:46.382197,"Hey Allan, I wanted to ask if you saw the video I created for you in my previous email? Let me know your feedback. I&#39;d love to see if we can build the same proven systems inside your business so we","{UNREAD,Label_17,CATEGORY_PERSONAL}",t,,,,,,2025-10-06 09:08:20.735598,20.00,80.00,{Comment},ğŸ’¬ REQUIRES COMMENT | âš¡ MARKED AS URGENT,2025-10-06 09:13:01.935822
13,195001e7ace26dca,195001e7ace26dca,Welcome to OpenReplay,OpenReplay <do-not-reply@openreplay.com>,allan@testpilotcpg.com,2025-10-06 08:44:46.382197,Welcome! We&#39;re glad to have you onboard. We know how frustrating it is to spend time fixing and reproducing bugs. OpenReplay wants to make debugging as easy as pressing play: simply watch the,{CATEGORY_PERSONAL},f,,,,,,2025-10-06 09:08:20.968,0.00,80.00,{FYI},âš¡ MARKED AS URGENT,2025-10-06 09:13:02.181311
14,194ff3c8e7e6c12d,194ff3c8e7e6c12d,"A solution for Lead Generation, Allan Peretz ?",Humzah Saleem <saleem@teamgenaileads.com>,allan@testpilotcpg.com,2025-10-06 08:44:46.382197,"Hi Allan Peretz , I hope this message finds you well! I noticed that TestPilot is striving to expand its client base but may be facing challenges in lead generation. Did you know that agencies",{CATEGORY_PERSONAL},f,,,,,,2025-10-06 09:08:21.199816,0.00,80.00,{FYI},âš¡ MARKED AS URGENT,2025-10-06 09:13:02.442439
15,194fcbb2ac8e15a4,194fcbb2ac8e15a4,ğŸ‘¤ Kelly Schoembs is a new friend suggestion for you,Facebook Friend Suggestions <friendsuggestion@facebookmail.com>,Allan Peretz <allan@gotime.ventures>,2025-10-06 08:44:46.382197,"Allan, see what you and your new friend suggestion have in common. Add the people you know to see their photos and updates. Kelly Schoembs View profile Find more friends Was this email:Useful | Not",{CATEGORY_SOCIAL},f,,,,,,2025-10-06 09:08:21.43968,0.00,80.00,{FYI},âš¡ MARKED AS URGENT,2025-10-06 09:13:02.720249
16,194fc22cd58067da,194fc22cd58067da,We're making some changes to our PayPal legal agreements,PayPal Communications <no_reply@communications.paypal.com>,Allan Peretz <allan@gotime.ventures>,2025-10-06 08:44:46.382197,"Allan Peretz, you can view the changes on our website. Hello, Allan Peretz We&#39;re making some changes to our legal agreements that will apply to you. There is no action needed from you today, but if",{CATEGORY_UPDATES},f,,,,,,2025-10-06 09:08:21.671783,0.00,70.00,{FYI},â° DEADLINE MENTIONED,2025-10-06 09:13:02.960633
17,194facec10aa9922,194facec10aa9922,[Account created],Semrush Team <news@team.semrush.com>,allan@testpilotcpg.com,2025-10-06 08:44:46.382197,"Start driving results today â€Œ â€Œ â€Œ â€Œ â€Œ â€Œ â€Œ â€Œ â€Œ â€Œ â€Œ â€Œ â€Œ â€Œ â€Œ â€Œ â€Œ â€Œ Welcome to Semrush We are thrilled to be a part of your digital marketing journey! Over the next week, we&#39;ll be sending a series of",{CATEGORY_UPDATES},f,,,,,,2025-10-06 09:08:21.895574,0.00,70.00,{FYI},â° DEADLINE MENTIONED,2025-10-06 09:13:03.210697
18,194faa9302cbca5d,194faa9302cbca5d,New message on listing LeadershipQuotes.com,Andrew via Flippa <no-reply@flippa.com>,Allan Peretz <allan@testpilotcpg.com>,2025-10-06 08:44:46.382197,"##-- Hi Allan Peretz, You&#39;ve been sent a message from Andrew regarding listing #11882278 (LeadershipQuotes.com). Here&#39;s the message: Andrew: What would you consider for buy now? You can respond",{CATEGORY_UPDATES},f,,,,,,2025-10-06 09:08:22.132027,20.00,60.00,"{Action,FYI}",ğŸ’° REVENUE OPPORTUNITY | âš¡ MARKED AS URGENT,2025-10-06 09:13:03.435328
19,194f7fe1afb17450,194f7fe1afb17450,Your GetWiser is here! [inside: Best Practices for Email Signature Security],Michael from WiseStamp <info@wisestamp.com>,allan@gotime.ventures,2025-10-06 08:44:46.382197,"All you need to grow you business | Read about Marketing, Business, Branding, Productivity and more Í Í Í Í Í Í Í Í Í Í Í Í Í Í Í Í Í Í Í Í Í Í Í Í Í Í Í Í Í Í Í Í Í Í Í Í Í Í Í Í Í All you need to","{CATEGORY_PROMOTIONS,UNREAD,Label_17}",t,,,,,,2025-10-06 09:08:22.359607,0.00,55.00,{FYI},âœ… ACTION REQUIRED,2025-10-06 09:13:03.707475
20,194ffae74c49b487,194ffae74c49b487,Spark's 2024 Year in Review,Alex from Spark <team@connect.sparkmailapp.com>,allan@testpilotcpg.com,2025-10-06 08:44:46.382197,2024&#39;s Game-Changing Spark Updates + Sneak Peek at 2025! ğŸš€âœ¨ Í â€Œ ï»¿ Í â€Œ ï»¿ Í â€Œ ï»¿ Í â€Œ ï»¿ Í â€Œ ï»¿ Í â€Œ ï»¿ Í â€Œ ï»¿ Í â€Œ ï»¿ Í â€Œ ï»¿ Í â€Œ ï»¿ Í â€Œ ï»¿ Í â€Œ ï»¿ Í â€Œ ï»¿ Í â€Œ ï»¿ Í â€Œ ï»¿ Í â€Œ ï»¿ Í â€Œ ï»¿ Í â€Œ ï»¿ Í â€Œ ï»¿ Í â€Œ ï»¿ Í â€Œ ï»¿ Í â€Œ ï»¿ Í â€Œ ï»¿,{CATEGORY_PROMOTIONS},f,,,,,,2025-10-06 09:08:22.584101,0.00,55.00,{FYI},âœ… ACTION REQUIRED,2025-10-06 09:13:03.962758
21,195004c989c1b0d1,195004c989c1b0d1,$6 Prime Video credit inside,Prime Video <no-reply@primevideo.com>,allan@gotime.ventures,2025-10-06 08:44:46.382197,"Limited time offer, activate your credit today.Íâ€Œ Íâ€Œ Íâ€Œ Íâ€Œ Íâ€Œ Íâ€Œ Íâ€Œ Íâ€Œ Íâ€Œ Íâ€Œ Íâ€Œ Íâ€Œ Treat yourself to the latest hits As a Prime Video customer, you can watch tons of great entertainmentâ€”hit movies and",{CATEGORY_PROMOTIONS},f,,,,,,2025-10-06 09:08:22.815671,20.00,50.00,"{Action,FYI}",ğŸ’° REVENUE OPPORTUNITY | â° DEADLINE MENTIONED,2025-10-06 09:13:04.234437
22,194ff9d3fec13dc6,194ff9d3fec13dc6,"Daily update for February 13, 2025",Ninety <notifications@ninety.io>,allan@testpilot.co,2025-10-06 08:44:46.382197,"TestPilot Simulations Daily Update: February 13, 2025 To-Dos Past Due No past due To-Dos. Upcoming Mar 7: Leadership Team: Need to talk to SKU to talk about top 7 brands Feb 14: Leadership Team:",{CATEGORY_UPDATES},f,,,,,,2025-10-06 09:08:23.035532,0.00,50.00,{FYI},â° DEADLINE MENTIONED,2025-10-06 09:13:04.479753
23,19500209c3fdd274,19500209c3fdd274,Your sign up link,OpenRouter <notifications@openrouter.ai>,allan@testpilotcpg.com,2025-10-06 08:44:46.382197,Sign up to OpenRouter OpenRouter Sign up to OpenRouter Click the button below to sign up to OpenRouter. This link will expire in 10 minutes. Sign up to OpenRouter If you&#39;re having trouble with the,"{IMPORTANT,CATEGORY_UPDATES}",f,,,,,,2025-10-06 09:08:23.247549,0.00,35.00,{FYI},âœ… ACTION REQUIRED,2025-10-06 09:13:04.774014
24,194fabaebea34efc,194e13bcac8bbe45,Re: Advisory Services Agreement,allan@testpilotcpg.com,Craig Cockrell <ccockrell@mwlaw.com>,2025-10-06 08:44:46.382197,"Hi Craig - Do we have a draft of the Dave Fish one as well or is that forthcoming? Thanks -- Allan Peretz Co-Founder &amp; CEO TestPilot CPG 1.512.425.4110 website linkedin calendar On Feb 7, 2025, 10:",{SENT},f,,,,,,2025-10-06 09:08:23.476133,60.00,30.00,"{Action,Action}",ğŸ‘¤ CLIENT COMMUNICATION | ğŸ“… MEETING REQUEST,2025-10-06 09:13:05.024303
25,194fb098e783dad3,194fad41a17cf85a,Re: Bold Strategies W-2 [Taylor Quinlan],allan@testpilotcpg.com,Taylor Quinlan <taylor.quinlan@harvestgroup.com>,2025-10-06 08:44:46.382197,Also do you have an email chain from discussing this with them? Maybe I can &quot;jump in.&quot; Thanks -- Allan Peretz Co-Founder &amp; CEO TestPilot CPG 1.512.425.4110 website linkedin calendar On,{SENT},f,,,,,,2025-10-06 09:08:23.704198,60.00,30.00,"{Action,Action}",ğŸ‘¤ CLIENT COMMUNICATION | ğŸ“… MEETING REQUEST,2025-10-06 09:13:05.269545
26,194fc749f1d18462,194faffff30c4c74,Re: Things that we need from Allan,allan@testpilotcpg.com,"Barbara Sanchez <barbara.sanchez@sidetool.co>, Ed Escobar <ed@sidetool.co>",2025-10-06 08:44:46.382197,"I&#39;m on the case and working these - thanks! -- Allan Peretz Co-Founder &amp; CEO TestPilot CPG 1.512.425.4110 website linkedin calendar On Feb 12, 2025, 10:31 AM -0600, Ed Escobar &lt;ed@sidetool.",{SENT},f,,,,,,2025-10-06 09:08:23.899629,60.00,30.00,"{Action,Action}",ğŸ‘¤ CLIENT COMMUNICATION | ğŸ“… MEETING REQUEST,2025-10-06 09:13:05.535692
27,1950003cb9210f56,194fc727e80a0274,Re: Austin Center Amenities Waiver - Allan Peretz,allan@testpilotcpg.com,Kylee Nemetz <kyleenemetz@capitalfactory.com>,2025-10-06 08:44:46.382197,"Great - Thanks! -- Allan Peretz Co-Founder &amp; CEO TestPilot CPG 1.512.425.4110 website linkedin calendar On Feb 13, 2025 at 08:54 -0600, Kylee Nemetz &lt;kyleenemetz@capitalfactory.com&gt;, wrote:",{SENT},f,,,,,,2025-10-06 09:08:24.107525,60.00,30.00,"{Action,Action}",ğŸ‘¤ CLIENT COMMUNICATION | ğŸ“… MEETING REQUEST,2025-10-06 09:13:05.840265
29,194fab8fdbf62026,194e133633e537a9,Re: Info on Salvation Contact,allan@testpilotcpg.com,"Craig Cockrell <ccockrell@mwlaw.com>, Jonathan Spears <jspears@harvestgroup.com>",2025-10-06 08:44:46.382197,"Hi - Following up on this. Just looking for the name / email address please. Thanks, Allan -- Allan Peretz Co-Founder &amp; CEO TestPilot CPG 1.512.425.4110 website linkedin calendar On Feb 7, 2025, 10",{SENT},f,,,,,,2025-10-06 09:08:24.551453,60.00,30.00,"{Action,Action}",ğŸ‘¤ CLIENT COMMUNICATION | ğŸ“… MEETING REQUEST,2025-10-06 09:13:06.35274
30,19500397f1476952,194e13bcac8bbe45,RE: Advisory Services Agreement,allan@testpilotcpg.com,Craig Cockrell <ccockrell@mwlaw.com>,2025-10-06 08:44:46.382197,"Understood - thanks! -- Allan Peretz Co-Founder &amp; CEO TestPilot CPG 1.512.425.4110 website linkedin calendar On Feb 13, 2025 at 10:44 -0600, Craig Cockrell &lt;ccockrell@mwlaw.com&gt;, wrote: Not",{SENT},f,,,,,,2025-10-06 09:08:24.791986,60.00,30.00,"{Action,Action}",ğŸ‘¤ CLIENT COMMUNICATION | ğŸ“… MEETING REQUEST,2025-10-06 09:13:06.613702
31,194fc727e80a0274,194fc727e80a0274,Austin Center Amenities Waiver - Allan Peretz,allan@testpilotcpg.com,workplaceteam@capitalfactory.com,2025-10-06 08:44:46.382197,Please find my form attached. When should I pick up an access key? Thanks -- Allan Peretz Co-Founder &amp; CEO TestPilot CPG 1.512.425.4110 website linkedin calendar,{SENT},f,,,,,,2025-10-06 09:08:25.011558,60.00,30.00,"{Action,Action}",ğŸ‘¤ CLIENT COMMUNICATION | ğŸ“… MEETING REQUEST,2025-10-06 09:13:06.858979
32,194fb6fe920add8a,194fb0d0ba4682fc,Re: Help Please - Re: Bold Strategies W-2 [Taylor Quinlan],allan@testpilotcpg.com,Taylor Quinlan <taylor.quinlan@harvestgroup.com>,2025-10-06 08:44:46.382197,"Let&#39;s see what Ashley says first please. Thanks -- Allan Peretz Co-Founder &amp; CEO TestPilot CPG 1.512.425.4110 website linkedin calendar On Feb 12, 2025 at 10:55 -0600, Taylor Quinlan &lt;taylor",{SENT},f,,,,,,2025-10-06 09:08:25.231554,60.00,30.00,"{Action,Action}",ğŸ‘¤ CLIENT COMMUNICATION | ğŸ“… MEETING REQUEST,2025-10-06 09:13:07.104347
33,194fad41a17cf85a,194fad41a17cf85a,Re: Bold Strategies W-2 [Taylor Quinlan],allan@testpilotcpg.com,Taylor Quinlan <taylor.quinlan@harvestgroup.com>,2025-10-06 08:44:46.382197,"Hey there - this is a bit above my capability level. Is Insolve the company that distributes? Do you need me to contact them to authorize? If it&#39;s more of a tech question, I can check with Karla.",{SENT},f,,,,,,2025-10-06 09:08:25.460268,55.00,30.00,"{Action,Comment}",ğŸ‘¤ CLIENT COMMUNICATION | ğŸ’¬ REQUIRES COMMENT,2025-10-06 09:13:07.381371
34,194ffbbb93f2bb5d,194ffbbb93f2bb5d,UPDATE ----- Re: Answers + Another Question - RE: Bold Questions,allan@testpilotcpg.com,Emily Duvall <eduvall@cfonet.biz>,2025-10-06 08:44:46.382197,Ok - I went back thru my texts and looks like I was wrong in my assumption. Here are the checks (Karla had texted) for the two mystery entries. Thanks -- Allan Peretz Co-Founder &amp; CEO TestPilot CPG,{SENT},f,,,,,,2025-10-06 09:08:25.679774,55.00,30.00,"{Action,Comment}",ğŸ‘¤ CLIENT COMMUNICATION | ğŸ’¬ REQUIRES COMMENT,2025-10-06 09:13:07.631704
35,194fa6071d152270,194fa6071d152270,TripleWhale Daily Reports,TripleWhale <reports@triplewhale.com>,allan@gotime.ventures,2025-10-06 08:44:46.382197,"Daily Metrics for ea585d.myshopify.com Comparison between Yesterday and Feb 10, 2025 Order Revenue: $0 ($0) Blended ROAS: 0.00 (0.00) True AOV: $0 ($0) Shopify Orders: 0 (0) Blended CPA: $0.00 ($0.00)",{CATEGORY_UPDATES},f,,,,,,2025-10-06 09:08:25.927551,40.00,30.00,{Action},ğŸ’° REVENUE OPPORTUNITY,2025-10-06 09:13:07.909453
36,1950024ff700eabf,194faffff30c4c74,Re: Things that we need from Allan,Ed Escobar <ed@sidetool.co>,"allan@testpilotcpg.com, Barbara Sanchez <barbara.sanchez@sidetool.co>",2025-10-06 08:44:46.382197,OpenReplay: allan@testpilotcpg.com / Q@7kA23UyqHY9DT OpenRouter: allan@testpilotcpg.com / b4-X$6ah_vU3s-$ @Barbara all yours â€‹OpenAI: I already have a business account... Do I just need to get you the,"{IMPORTANT,CATEGORY_PERSONAL}",f,,,,,,2025-10-06 09:08:26.155946,40.00,30.00,{Action},ğŸ’° REVENUE OPPORTUNITY,2025-10-06 09:13:08.15502
37,194fb32c738523bc,194fb32c738523bc,You and these prices; it's a match,Amazon Fresh <store-news@amazon.com>,allan@gotime.ventures,2025-10-06 08:44:46.382197,"Get same-day delivery on roses, surf and turf, candy, and more, where available.Í â€Œ Í â€Œ Í â€Œ Í â€Œ Í â€Œ Í â€Œ Í â€Œ Í â€Œ Í â€Œ Í â€Œ Í â€Œ Í â€Œ Í â€Œ Í â€Œ Í â€Œ Í â€Œ Í â€Œ Í â€Œ Í â€Œ Í â€Œ Í â€Œ Í â€Œ Í â€Œ Í â€Œ Í â€Œ Í â€Œ Í â€Œ Í â€Œ Í â€Œ Í â€Œ Í",{CATEGORY_PROMOTIONS},f,,,,,,2025-10-06 09:08:26.391622,40.00,30.00,{Action},ğŸ’° REVENUE OPPORTUNITY,2025-10-06 09:13:08.389307
38,194f9ada6f8bcf97,194f9ada6f8bcf97,Position Tracking Update (leadershipquotes.com),Semrush Position Tracking <position-tracking@semrush.com>,Allan <allan@gotime.ventures>,2025-10-06 08:44:46.382197,"Position Tracking Project: leadershipquotes.com â€¢ leadershipquotes.com Device &amp; Location: United States (Google) â€¢ English Date: Feb, 5-12, 2025 Hello, Here is the weekly update for your Position",{CATEGORY_UPDATES},f,,,,,,2025-10-06 09:08:26.615693,40.00,30.00,{Action},ğŸ’° REVENUE OPPORTUNITY,2025-10-06 09:13:08.640835
39,194faff80151bc0c,194faff80151bc0c,He Built a $3M Coffee Empire with No Experience,"""Clifton - Founder @ Legacy Builder"" <legacybuildergrowth@mail.beehiiv.com>","""allan@testpilotcpg.com"" <allan@testpilotcpg.com>",2025-10-06 08:44:46.382197,"My Podcast with Founder, Mouyyad Abdulhadi â€Œ â€Œ â€Œ â€Œ â€Œ â€Œ â€Œ â€Œ â€Œ â€Œ â€Œ â€Œ â€Œ â€Œ â€Œ â€Œ â€Œ â€Œ â€Œ â€Œ â€Œ â€Œ â€Œ â€Œ â€Œ â€Œ â€Œ â€Œ â€Œ â€Œ â€Œ â€Œ â€Œ â€Œ â€Œ â€Œ â€Œ â€Œ â€Œ â€Œ â€Œ â€Œ â€Œ â€Œ â€Œ â€Œ â€Œ â€Œ â€Œ â€Œ â€Œ â€Œ â€Œ â€Œ â€Œ â€Œ â€Œ â€Œ â€Œ â€Œ â€Œ â€Œ â€Œ â€Œ â€Œ â€Œ â€Œ â€Œ â€Œ â€Œ â€Œ â€Œ â€Œ â€Œ â€Œ â€Œ â€Œ â€Œ â€Œ","{UNREAD,Label_17,CATEGORY_UPDATES}",t,,,,,,2025-10-06 09:08:26.83965,40.00,30.00,{Action},ğŸ’° REVENUE OPPORTUNITY,2025-10-06 09:13:08.922447
40,1950045e57c40b88,1950045e57c40b88,"Allan, win a $150 dining gift card!",Expo West <expowest@newhope.com>,allan@testpilot.ai,2025-10-06 08:44:46.382197,"Share Expo Westâ€”Dine in Style ğŸ½ï¸ Allan, 2025 is here, and so is your chance to win! By sharing your excitement for Natural Products Expo West 2025, you&#39;ll be eligible for an incredible reward: ğŸ´","{IMPORTANT,CATEGORY_PERSONAL}",f,,,,,,2025-10-06 09:08:27.09652,40.00,30.00,{Action},ğŸ’° REVENUE OPPORTUNITY,2025-10-06 09:13:09.189621
41,194ff8e299dcacf1,194ff8e299dcacf1,TripleWhale Daily Reports,TripleWhale <reports@triplewhale.com>,allan@gotime.ventures,2025-10-06 08:44:46.382197,"Daily Metrics for ea585d.myshopify.com Comparison between Yesterday and Feb 11, 2025 Order Revenue: $0 ($0) Blended ROAS: 0.00 (0.00) True AOV: $0 ($0) Shopify Orders: 0 (0) Blended CPA: $0.00 ($0.00)",{CATEGORY_UPDATES},f,,,,,,2025-10-06 09:08:27.319512,40.00,30.00,{Action},ğŸ’° REVENUE OPPORTUNITY,2025-10-06 09:13:09.440205
42,194fb0d0ba4682fc,194fb0d0ba4682fc,Help Please - Re: Bold Strategies W-2 [Taylor Quinlan],allan@testpilotcpg.com,"Taylor Quinlan <taylor.quinlan@harvestgroup.com>, Ashley Phillips <ashley@thepayrollco.com>",2025-10-06 08:44:46.382197,Hi Ashley: Would you be able to help us here with reissue of a W2 for Taylor (copied)? Karla suggested you could advise. Thanks -- Allan Peretz Co-Founder &amp; CEO TestPilot CPG 1.512.425.4110 website,{SENT},f,,,,,,2025-10-06 09:08:27.531659,35.00,30.00,{Action},ğŸ‘¤ CLIENT COMMUNICATION,2025-10-06 09:13:09.686285
43,195003e759cd5bbe,195003e759cd5bbe,"TestPilot Simulations, LLC: Draft Advisor Agreement",allan@testpilotcpg.com,Thomas Tessmer <tom@sellwithinsight.com>,2025-10-06 08:44:46.382197,Hey Tom: Hope all&#39;s great with you! Been enjoying your posts on LI - how much time you putting into social these days? Is it paying off? Attached is draft agreement prepared by Craig Cockrell who,{SENT},f,,,,,,2025-10-06 09:08:27.748288,35.00,30.00,{Action},ğŸ‘¤ CLIENT COMMUNICATION,2025-10-06 09:13:09.952085
44,194fc5add4c3318f,194fc5add4c3318f,Envirocon --- Fwd: Check Overnighted... Tracking Info,allan@testpilotcpg.com,Alex Mandel <alex.mandel@harvestgroup.com>,2025-10-06 08:44:46.382197,"Hi Alex (cc: Darcy, Jon): Do we owe anything further here to Envirocon? Message trail attached for reference. Thanks, Allan -- Allan Peretz Co-Founder &amp; CEO TestPilot CPG 1.512.425.4110 ----------",{SENT},f,,,,,,2025-10-06 09:08:27.960127,35.00,30.00,{Action},ğŸ‘¤ CLIENT COMMUNICATION,2025-10-06 09:13:10.218474
45,195002d1375df992,194faffff30c4c74,Re: Things that we need from Allan,allan@testpilotcpg.com,"Barbara Sanchez <barbara.sanchez@sidetool.co>, Ed Escobar <ed@sidetool.co>",2025-10-06 08:44:46.382197,Name: TestPilot Secret Key: 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 Let me,{SENT},f,,,,,,2025-10-06 09:08:28.176305,35.00,30.00,{Action},ğŸ‘¤ CLIENT COMMUNICATION,2025-10-06 09:13:10.470323
46,194f863bf7a168c0,194f863bf7a168c0,"Canceled event: Allan Peretz and Aspect43 @ Thu Feb 27, 2025 10am - 10:30am (CST) (allan@testpilotcpg.com)",Sarah White <sarah@aspect43.com>,allan@testpilotcpg.com,2025-10-06 08:44:46.382197,Allan Peretz and Aspect43 This event has been canceled and removed from your calendar. Join with Google Meet Meeting link meet.google.com/bdi-ynck-ndq Join by phone (US) +1 347-773-4864 PIN: 527813455,"{IMPORTANT,CATEGORY_UPDATES}",f,,,,,,2025-10-06 09:08:28.387372,25.00,30.00,{Action},ğŸ“… MEETING REQUEST,2025-10-06 09:13:10.731408
47,194fcb6bf5534eb7,194fcb6bf5534eb7,The gluten-free market is explodingâ€”are you missing out?,Natural Products Expo West <expowest@go02.informamarkets.com>,allan@testpilot.ai,2025-10-06 08:44:46.382197,"Register for this session to learn key strategies to meet evolving consumer needs. If you are having trouble reading this email, read the online version image Register for this On-Site Hosted Education",{CATEGORY_UPDATES},f,,,,,,2025-10-06 09:08:28.623833,25.00,30.00,{Action},ğŸ“… MEETING REQUEST,2025-10-06 09:13:10.965442
48,194fa410035a9eb1,194fa410035a9eb1,The ultimate cold calling formula,B2B Whales <b2bwhales@mail.beehiiv.com>,"""allan@testpilotcpg.com"" <allan@testpilotcpg.com>",2025-10-06 08:44:46.382197,numbers don&#39;t lie.. â€Œ â€Œ â€Œ â€Œ â€Œ â€Œ â€Œ â€Œ â€Œ â€Œ â€Œ â€Œ â€Œ â€Œ â€Œ â€Œ â€Œ â€Œ â€Œ â€Œ â€Œ â€Œ â€Œ â€Œ â€Œ â€Œ â€Œ â€Œ â€Œ â€Œ â€Œ â€Œ â€Œ â€Œ â€Œ â€Œ â€Œ â€Œ â€Œ â€Œ â€Œ â€Œ â€Œ â€Œ â€Œ â€Œ â€Œ â€Œ â€Œ â€Œ â€Œ â€Œ â€Œ â€Œ â€Œ â€Œ â€Œ â€Œ â€Œ â€Œ â€Œ â€Œ â€Œ â€Œ â€Œ â€Œ â€Œ â€Œ â€Œ â€Œ â€Œ â€Œ â€Œ â€Œ â€Œ â€Œ â€Œ â€Œ â€Œ â€Œ â€Œ â€Œ â€Œ â€Œ â€Œ â€Œ â€Œ â€Œ â€Œ,{CATEGORY_PROMOTIONS},f,,,,,,2025-10-06 09:08:28.839443,25.00,30.00,{Action},ğŸ“… MEETING REQUEST,2025-10-06 09:13:11.210722
49,1950075faebc545b,195000743eeb2e1d,Re: Looking Forward (Friday 9am) - In Person or Zoom?,Cassandra Jaime <cassandramjaime@gmail.com>,allan@testpilotcpg.com,2025-10-06 08:44:46.382197,"Hey Allan, In person sounds great. I&#39;ll be here on 16th floor, how about we meet at the kitchen? Talk soon! -- Cassandra Jaime (512) 413 - 3576 On Thu, Feb 13, 2025 at 9:57 AM &lt;allan@","{IMPORTANT,CATEGORY_PERSONAL}",f,,,,,,2025-10-06 09:08:29.067524,25.00,30.00,{Action},ğŸ“… MEETING REQUEST,2025-10-06 09:13:11.471727
50,194fff52c3a63c58,194fff52c3a63c58,Find your competitorsâ€™ best keywords,Semrush Team <news@team.semrush.com>,allan@testpilotcpg.com,2025-10-06 08:44:46.382197,Dominate the SERP with Organic Research â€Œ â€Œ â€Œ â€Œ â€Œ â€Œ â€Œ â€Œ â€Œ â€Œ â€Œ â€Œ â€Œ â€Œ â€Œ â€Œ â€Œ â€Œ â€Œ â€Œ â€Œ â€Œ â€Œ â€Œ â€Œ â€Œ â€Œ â€Œ â€Œ â€Œ â€Œ â€Œ â€Œ â€Œ â€Œ â€Œ â€Œ â€Œ â€Œ â€Œ â€Œ â€Œ â€Œ â€Œ â€Œ â€Œ â€Œ â€Œ â€Œ â€Œ â€Œ â€Œ â€Œ â€Œ â€Œ â€Œ â€Œ â€Œ â€Œ â€Œ â€Œ â€Œ â€Œ â€Œ â€Œ â€Œ â€Œ â€Œ â€Œ â€Œ â€Œ â€Œ â€Œ â€Œ â€Œ â€Œ â€Œ â€Œ â€Œ â€Œ â€Œ,{CATEGORY_PROMOTIONS},f,,,,,,2025-10-06 09:08:29.279816,15.00,30.00,"{Interesting,Notes}",ğŸ“š INTERESTING CONTENT,2025-10-06 09:13:11.760363
51,1950013443ff54a7,1950013443ff54a7,B2B participant issues,Michael Hess <michael.h@meetemporia.com>,allan@testpilotcpg.com,2025-10-06 08:44:46.382197,"Hi Allan, Noticed you guys help brands grow on e-commerce platforms, and I&#39;m curious if finding the right insights to drive your strategies is a challenge for your team? We haven&#39;t met before,",{CATEGORY_PERSONAL},f,,,,,,2025-10-06 09:08:29.49543,15.00,30.00,"{Interesting,Notes}",ğŸ“š INTERESTING CONTENT,2025-10-06 09:13:12.074724
52,195005ffdb6b14ac,195005ffdb6b14ac,Mark Cuban is the Hall of Fame Inductee for SXSW 2025,SXSW Conference <sxsw@sxsw.com>,allan@testpilot.ai,2025-10-06 08:44:46.382197,+ Thrilling new Keynotes &amp; Featured Speakers revealed! View this email as a web page here. CONFERENCE | FESTIVALS | EXHIBITIONS SXSW 2025 Driven by Rivian SXSW 2025 Conference Newsletter SXSW,{CATEGORY_PROMOTIONS},f,,,,,,2025-10-06 09:08:29.714437,0.00,30.00,{FYI},"",2025-10-06 09:13:12.285899
53,195006940db070fa,195006940db070fa,Welcome to Royal Line Photography! Enjoy 15% Off Your First Session ğŸ‰ğŸ“¸, Royal Line Photography <royallinephotography.gmail.com@ky32v9.sqspmail.com>,allan@testpilotcpg.com,2025-10-06 08:44:46.382197,Dallas Portrait &amp; Event Photography | Royal Line Photography Í Í Í Í Í Í Í Í Í Í Í Í Í Í Í Í Í Í Í Í Í Í Í Í Í Í Í Í Í Í Í Í Í Í Í Í Í Í Í Í Í Í Í Í Í Í Í Í Í Í Í Í Í Í Í Í Í Í Í Í Í Í Í Í Í Í Í Í,"{UNREAD,Label_17,CATEGORY_UPDATES}",t,,,,,,2025-10-06 09:08:29.93173,0.00,30.00,{FYI},"",2025-10-06 09:13:12.513507
54,19500434cf6b8e10,19500434cf6b8e10,ever tried this? ğŸ«¡,Nick from HeyReach <heyreach@mail.beehiiv.com>,"""allan@gotime.ventures"" <allan@gotime.ventures>",2025-10-06 08:44:46.382197,"February 13, 2025 | Read Online ever tried this? ğŸ«¡ It&#39;s Thursday, which means it&#39;s time for another edition of â€œThe Outbound Alchemist ğŸ§ªâ€œ. Interesting things ready for you this week: Lead",{CATEGORY_PERSONAL},f,,,,,,2025-10-06 09:08:30.143343,0.00,30.00,{FYI},"",2025-10-06 09:13:12.725679
55,194ffcdbfe3b78bc,194fc727e80a0274,Re: Austin Center Amenities Waiver - Allan Peretz,Kylee Nemetz <kyleenemetz@capitalfactory.com>,allan@testpilotcpg.com,2025-10-06 08:44:46.382197,"Hi Allan, I got your waiver sent off, please allow 24-48 hours for it to be processed. You&#39;ll use your access card on the tenant entrance in the hallway of the 1st floor bathrooms and your pool","{IMPORTANT,CATEGORY_PERSONAL}",f,,,,,,2025-10-06 09:08:30.360118,0.00,30.00,{FYI},"",2025-10-06 09:13:12.941986
56,194fc7fc324b9ddb,194faffff30c4c74,Re: Things that we need from Allan,Barbara Sanchez <barbara.sanchez@sidetool.co>,allan@testpilotcpg.com,2025-10-06 08:44:46.382197,"Ready to test in https://testpilot-1.vercel.app/my-tests Credentials: barb@testerson.com testerson On Wed, Feb 12, 2025 at 8:18 PM &lt;allan@testpilotcpg.com&gt; wrote: I&#39;m on the case and working","{IMPORTANT,CATEGORY_PERSONAL}",f,,,,,,2025-10-06 09:08:30.567682,0.00,30.00,{FYI},"",2025-10-06 09:13:13.161511
57,194fbaa81668ba03,194fbaa81668ba03,You have (1) new update,Semrush Team <news@team.semrush.com>,allan@testpilotcpg.com,2025-10-06 08:44:46.382197,Take your marketing career up a notch with Semrush Academy â€Œ â€Œ â€Œ â€Œ â€Œ â€Œ â€Œ â€Œ â€Œ â€Œ â€Œ â€Œ â€Œ â€Œ â€Œ â€Œ â€Œ â€Œ â€Œ â€Œ â€Œ â€Œ â€Œ â€Œ â€Œ â€Œ â€Œ â€Œ â€Œ â€Œ â€Œ â€Œ â€Œ â€Œ â€Œ â€Œ â€Œ â€Œ â€Œ â€Œ â€Œ â€Œ â€Œ â€Œ â€Œ â€Œ â€Œ â€Œ â€Œ â€Œ â€Œ â€Œ â€Œ â€Œ â€Œ â€Œ â€Œ â€Œ â€Œ â€Œ â€Œ â€Œ â€Œ â€Œ â€Œ â€Œ â€Œ â€Œ â€Œ â€Œ â€Œ,{CATEGORY_PROMOTIONS},f,,,,,,2025-10-06 09:08:30.771561,0.00,30.00,{FYI},"",2025-10-06 09:13:13.378247
70,194fb3058df2b213,194fb3058df2b213,SEO Built to Last: The Smart Way to Build Links in 2025 ğŸ’¡,Jason at OutreachFrog <clientsuccess@outreachfrog.com>,Allan Peretz <allan@gotime.ventures>,2025-10-06 08:44:46.382197,Future-proof your SEO with high-quality backlinks that actually move the needle. â€Œ â€Œ â€Œ â€Œ â€Œ â€Œ â€Œ â€Œ â€Œ â€Œ â€Œ â€Œ â€Œ â€Œ â€Œ â€Œ â€Œ â€Œ â€Œ â€Œ â€Œ â€Œ â€Œ â€Œ â€Œ â€Œ â€Œ â€Œ â€Œ â€Œ â€Œ â€Œ â€Œ â€Œ â€Œ â€Œ â€Œ â€Œ â€Œ â€Œ â€Œ â€Œ â€Œ â€Œ â€Œ â€Œ â€Œ â€Œ â€Œ â€Œ â€Œ â€Œ â€Œ â€Œ â€Œ â€Œ â€Œ â€Œ â€Œ â€Œ,{CATEGORY_PROMOTIONS},f,,,,,,2025-10-06 09:08:33.559606,0.00,30.00,{FYI},"",2025-10-06 09:13:16.201388
82,194fcb74803677bc,194fcb74803677bc,New message from u/welcomebot,Reddit <noreply@redditmail.com>,allan@gotime.ventures,2025-10-06 08:44:46.382197,"Welcome to Reddit&#39;s Premier Music Community, r/Music! Thanks for joining! **While everyone&#39;s welcome to browse and vote, we hope you&#39;ll join our discussions, share your favorite music/","{IMPORTANT,CATEGORY_UPDATES}",f,,,,,,2025-10-06 09:08:36.128097,0.00,10.00,{FYI},"",2025-10-06 09:13:18.833289
83,194fcab2c84537f7,194fcab2c84537f7,New Office Hour in Capital Factory: Office Hours with Michael A. Carr,Capital Factory <noreply@union.vc>,allan@testpilotcpg.com,2025-10-06 08:44:46.382197,"Union notification - Capital Factory There&#39;s a new event related to Fundraising in the Capital Factory community. Office Hours with Michael A. Carr Michael A. Carr Office HourPosted on February 12,",{CATEGORY_UPDATES},f,,,,,,2025-10-06 09:08:36.360092,0.00,10.00,{FYI},"",2025-10-06 09:13:19.04529
84,194ffedaa9b2d304,194ffedaa9b2d304,What will CMOs spend money on? [Wynter updates],Peep Laja <marketing@wynter.info>,allan@testpilot.ai,2025-10-06 08:44:46.382197,"65% are gonna invest more in this. wynter-logo If I could sum up the &#39;How CMOs buy software in 2025&#39; research study we ran using Wynter surveys, this quote would be it: &quot;No sales pitch",{CATEGORY_PROMOTIONS},f,,,,,,2025-10-06 09:08:36.576413,25.00,0.00,"{Action,Interesting,Notes,FYI}",ğŸ’° REVENUE OPPORTUNITY | ğŸ“š INTERESTING CONTENT,2025-10-06 09:13:19.249383
85,194fbf94c840da5c,194fbf94c840da5c,ğŸš€ The Biggest Moves in AI: Sam Altman vs. Elon Musk,Generative AI via LinkedIn <newsletters-noreply@linkedin.com>,Allan Peretz <allan@testpilotcpg.com>,2025-10-06 08:44:46.382197,"AI investments are booming, and the biggest names in tech are making strategicâ€¦ Í Í Í Í Í Í Í Í Í Í Í Í Í Í Í Í Í Í Í Í Í Í Í Í Í Í Í Í Í Í Í Í Í Í Í Í Í Í Í Í Í Í Í Í Í Í Í Í Í Í Í Í Í Í Í Í Í Í Í Í Í","{CATEGORY_PROMOTIONS,UNREAD}",t,,,,,,2025-10-06 09:08:36.780045,0.00,0.00,"{LinkedIn,FYI,FYI,FYI}","",2025-10-06 09:13:19.477677
86,194fbf9accfcc11c,194fbf9accfcc11c,Lawn Care YouTube w. 109M+ Views | 11-Years-Old + Shopify Blender Store,"""Tory @ Flippa"" <marketing@flippa.com>",allan@testpilotcpg.com,2025-10-06 08:44:46.382197,This business includes a collective social following of over 1M subscribers and is monetized through Google and Facebook. View in browser Own an online business? Find out what it&#39;s worth with a,{CATEGORY_PROMOTIONS},f,,,,,,2025-10-06 09:08:36.983953,0.00,0.00,{FYI},"",2025-10-06 09:13:19.737844
87,194fcd113ce7288d,194fcd113ce7288d,Paid but Not Owned: Work-for-Hire and Your Copyright Rights,Devin Miller via LinkedIn <newsletters-noreply@linkedin.com>,Allan Peretz <allan@testpilotcpg.com>,2025-10-06 08:44:46.382197,"Quick Summary Quick Answer: In &quot;work for hire&quot; agreements, the employer orâ€¦ Í Í Í Í Í Í Í Í Í Í Í Í Í Í Í Í Í Í Í Í Í Í Í Í Í Í Í Í Í Í Í Í Í Í Í Í Í Í Í Í Í Í Í Í Í Í Í Í Í Í Í Í Í Í Í Í Í Í","{UNREAD,CATEGORY_UPDATES}",t,,,,,,2025-10-06 09:08:37.203597,0.00,0.00,"{LinkedIn,FYI,FYI,FYI}","",2025-10-06 09:13:19.941484
88,194fffb9e20ccd53,194fffb9e20ccd53,Unlock the secrets to buying and selling online businesses,"""Blake @ Flippa"" <marketing@flippa.com>",allan@testpilotcpg.com,2025-10-06 08:44:46.382197,"I&#39;m excited to announce the launch of Flippa Universityâ€”your new resource for mastering the art of buying and selling online businesses. Hi Allan, I&#39;m excited to announce the launch of Flippa",{CATEGORY_PROMOTIONS},f,,,,,,2025-10-06 09:08:37.435516,0.00,0.00,{FYI},"",2025-10-06 09:13:20.154248
89,194fcec3567f698d,194fcec3567f698d,Patent Pending? Call the Legal Superheroes! How to Pick the Right Patent Attorney for Your Startup,Devin Miller via LinkedIn <newsletters-noreply@linkedin.com>,Allan Peretz <allan@testpilotcpg.com>,2025-10-06 08:44:46.382197,"Quick Overview So, you&#39;ve come up with the next big thingâ€”whether it&#39;s an appâ€¦ Í Í Í Í Í Í Í Í Í Í Í Í Í Í Í Í Í Í Í Í Í Í Í Í Í Í Í Í Í Í Í Í Í Í Í Í Í Í Í Í Í Í Í Í Í Í Í Í Í Í Í Í Í Í Í Í Í","{UNREAD,CATEGORY_UPDATES}",t,,,,,,2025-10-06 09:08:37.667473,0.00,0.00,"{LinkedIn,FYI,Action,FYI,FYI}",ğŸ“… MEETING REQUEST,2025-10-06 09:13:20.373543
90,194fc528b55d595e,194fc528b55d595e,Special Offer,"""Clifton - Founder @ Legacy Builder"" <legacybuildergrowth@mail.beehiiv.com>","""allan@testpilotcpg.com"" <allan@testpilotcpg.com>",2025-10-06 08:44:46.382197,Just for my list â€Œ â€Œ â€Œ â€Œ â€Œ â€Œ â€Œ â€Œ â€Œ â€Œ â€Œ â€Œ â€Œ â€Œ â€Œ â€Œ â€Œ â€Œ â€Œ â€Œ â€Œ â€Œ â€Œ â€Œ â€Œ â€Œ â€Œ â€Œ â€Œ â€Œ â€Œ â€Œ â€Œ â€Œ â€Œ â€Œ â€Œ â€Œ â€Œ â€Œ â€Œ â€Œ â€Œ â€Œ â€Œ â€Œ â€Œ â€Œ â€Œ â€Œ â€Œ â€Œ â€Œ â€Œ â€Œ â€Œ â€Œ â€Œ â€Œ â€Œ â€Œ â€Œ â€Œ â€Œ â€Œ â€Œ â€Œ â€Œ â€Œ â€Œ â€Œ â€Œ â€Œ â€Œ â€Œ â€Œ â€Œ â€Œ â€Œ â€Œ â€Œ â€Œ â€Œ â€Œ â€Œ â€Œ â€Œ â€Œ â€Œ â€Œ â€Œ â€Œ,"{CATEGORY_PROMOTIONS,UNREAD,Label_17}",t,,,,,,2025-10-06 09:08:37.871445,0.00,0.00,{FYI},"",2025-10-06 09:13:20.593412
91,194faab3c96ed114,194faab3c96ed114,"As Retail Media Spending Soars, Brands Face A Measurement Crisis",Kiri Masters via LinkedIn <newsletters-noreply@linkedin.com>,Allan Peretz <allan@testpilotcpg.com>,2025-10-06 08:44:46.382197,"This post originally appeared in my column for Forbes.com, on Wednesdayâ€¦ Í Í Í Í Í Í Í Í Í Í Í Í Í Í Í Í Í Í Í Í Í Í Í Í Í Í Í Í Í Í Í Í Í Í Í Í Í Í Í Í Í Í Í Í Í Í Í Í Í Í Í Í Í Í Í Í Í Í Í Í Í Í Í Í","{CATEGORY_PROMOTIONS,UNREAD}",t,,,,,,2025-10-06 09:08:38.100124,0.00,0.00,"{LinkedIn,FYI,FYI,FYI}","",2025-10-06 09:13:20.829411
92,194fa3d806d6f280,194fa3d806d6f280,It's Time For The Real Food Pyramid.,Peter Gialantzis via LinkedIn <newsletters-noreply@linkedin.com>,Allan Peretz <allan@testpilotcpg.com>,2025-10-06 08:44:46.382197,When the Food Pyramid was first released to much fanfare in 1992 after years ofâ€¦ Í Í Í Í Í Í Í Í Í Í Í Í Í Í Í Í Í Í Í Í Í Í Í Í Í Í Í Í Í Í Í Í Í Í Í Í Í Í Í Í Í Í Í Í Í Í Í Í Í Í Í Í Í Í Í Í Í Í Í Í,"{UNREAD,CATEGORY_UPDATES}",t,,,,,,2025-10-06 09:08:38.308197,0.00,0.00,"{LinkedIn,FYI,FYI,FYI}","",2025-10-06 09:13:21.057809
93,194f885e5114576b,194f885e5114576b,AI and the Afterlife: Who Controls a Deceased Starâ€™s Digital Ghost?,Devin Miller via LinkedIn <newsletters-noreply@linkedin.com>,Allan Peretz <allan@testpilotcpg.com>,2025-10-06 08:44:46.382197,Quick Summary Quick Answer: The rights to a deceased actor&#39;s likeness depend onâ€¦ Í Í Í Í Í Í Í Í Í Í Í Í Í Í Í Í Í Í Í Í Í Í Í Í Í Í Í Í Í Í Í Í Í Í Í Í Í Í Í Í Í Í Í Í Í Í Í Í Í Í Í Í Í Í Í Í Í Í,"{UNREAD,CATEGORY_UPDATES}",t,,,,,,2025-10-06 09:08:38.512467,0.00,0.00,"{LinkedIn,FYI,FYI,FYI}","",2025-10-06 09:13:21.282641
94,19500ad2d00d72de,19500ad2d00d72de,How the future looks by Jensen Huang,Guillermo Flor via LinkedIn <newsletters-noreply@linkedin.com>,Allan Peretz <allan@testpilotcpg.com>,2025-10-06 08:44:46.382197,"Hey everybody, welcome back to the Newsletter! 2 weeks ago, Cleo Abramâ€¦ Í Í Í Í Í Í Í Í Í Í Í Í Í Í Í Í Í Í Í Í Í Í Í Í Í Í Í Í Í Í Í Í Í Í Í Í Í Í Í Í Í Í Í Í Í Í Í Í Í Í Í Í Í Í Í Í Í Í Í Í Í Í Í Í Í","{UNREAD,CATEGORY_UPDATES}",t,,,,,,2025-10-06 09:08:38.728102,0.00,0.00,"{LinkedIn,FYI,FYI,FYI}","",2025-10-06 09:13:21.521202
95,195003fbb978b634,195003fbb978b634,A case study in failed succession planning,Fortune via LinkedIn <newsletters-noreply@linkedin.com>,Allan Peretz <allan@testpilotcpg.com>,2025-10-06 08:44:46.382197,"As baby boomers retire in droves, C-suite conversations are increasinglyâ€¦ Í Í Í Í Í Í Í Í Í Í Í Í Í Í Í Í Í Í Í Í Í Í Í Í Í Í Í Í Í Í Í Í Í Í Í Í Í Í Í Í Í Í Í Í Í Í Í Í Í Í Í Í Í Í Í Í Í Í Í Í Í Í Í Í","{UNREAD,CATEGORY_UPDATES}",t,,,,,,2025-10-06 09:08:38.951623,0.00,0.00,"{LinkedIn,FYI,FYI,FYI}","",2025-10-06 09:13:21.733551
96,194ffd16c6ccf145,194ffd16c6ccf145,Why I Stopped Long Form Content ğŸ¤”,Lauren Tickner via LinkedIn <newsletters-noreply@linkedin.com>,Allan Peretz <allan@testpilotcpg.com>,2025-10-06 08:44:46.382197,As someone who&#39;s generated multiple millions of dollars with organic socialâ€¦ Í Í Í Í Í Í Í Í Í Í Í Í Í Í Í Í Í Í Í Í Í Í Í Í Í Í Í Í Í Í Í Í Í Í Í Í Í Í Í Í Í Í Í Í Í Í Í Í Í Í Í Í Í Í Í Í Í Í Í Í,"{UNREAD,CATEGORY_UPDATES}",t,,,,,,2025-10-06 09:08:39.168165,0.00,0.00,"{LinkedIn,FYI,FYI,FYI}","",2025-10-06 09:13:21.949136
97,194fd3e421df88c1,194fd3e421df88c1,"AMAZON OLV, INSTACART SHOPPABLE ADS, TRADE DESK ACQUISITION & MORE",BTR Media via LinkedIn <newsletters-noreply@linkedin.com>,Allan Peretz <allan@testpilotcpg.com>,2025-10-06 08:44:46.382197,"Happy Wednesday, friends! January was packed with big moves in retail mediaâ€¦ Í Í Í Í Í Í Í Í Í Í Í Í Í Í Í Í Í Í Í Í Í Í Í Í Í Í Í Í Í Í Í Í Í Í Í Í Í Í Í Í Í Í Í Í Í Í Í Í Í Í Í Í Í Í Í Í Í Í Í Í Í Í","{CATEGORY_PROMOTIONS,UNREAD}",t,,,,,,2025-10-06 09:08:39.39966,0.00,0.00,"{LinkedIn,FYI,FYI,FYI}","",2025-10-06 09:13:22.197332
98,194fc62f6c48de66,194fc62f6c48de66,Social Media Reactions to Super Bowl LIX,Razorfish via LinkedIn <newsletters-noreply@linkedin.com>,Allan Peretz <allan@testpilotcpg.com>,2025-10-06 08:44:46.382197,"Social Media Reactions to Super Bowl LIX Super Bowl LIX, held this past Sundayâ€¦ Í Í Í Í Í Í Í Í Í Í Í Í Í Í Í Í Í Í Í Í Í Í Í Í Í Í Í Í Í Í Í Í Í Í Í Í Í Í Í Í Í Í Í Í Í Í Í Í Í Í Í Í Í Í Í Í Í Í Í Í Í","{UNREAD,CATEGORY_UPDATES}",t,,,,,,2025-10-06 09:08:39.599818,0.00,0.00,"{LinkedIn,FYI,FYI,FYI}","",2025-10-06 09:13:22.429539
99,194fb86e24d6a262,194fb86e24d6a262,"Possible | Anja Manuel on AI, China, and national security",Reid Hoffman via LinkedIn <newsletters-noreply@linkedin.com>,Allan Peretz <allan@testpilotcpg.com>,2025-10-06 08:44:46.382197,"In this episode, Aria Finger and I sit down with Anja Manuel, a formerâ€¦ Í Í Í Í Í Í Í Í Í Í Í Í Í Í Í Í Í Í Í Í Í Í Í Í Í Í Í Í Í Í Í Í Í Í Í Í Í Í Í Í Í Í Í Í Í Í Í Í Í Í Í Í Í Í Í Í Í Í Í Í Í Í Í Í Í","{UNREAD,CATEGORY_UPDATES}",t,,,,,,2025-10-06 09:08:39.819532,0.00,0.00,"{LinkedIn,FYI,FYI,FYI}","",2025-10-06 09:13:22.649313
100,194f7aa2d880068a,194f7aa2d880068a,"Why Deep Data, Not Just Big Data, Is the Key to AI-Driven Scientific Progress",Fidji Simo via LinkedIn <newsletters-noreply@linkedin.com>,Allan Peretz <allan@testpilotcpg.com>,2025-10-06 08:44:46.382197,"Powerful AI can only be built on top of powerful data, which is why a coreâ€¦ Í Í Í Í Í Í Í Í Í Í Í Í Í Í Í Í Í Í Í Í Í Í Í Í Í Í Í Í Í Í Í Í Í Í Í Í Í Í Í Í Í Í Í Í Í Í Í Í Í Í Í Í Í Í Í Í Í Í Í Í Í Í Í","{CATEGORY_PROMOTIONS,UNREAD}",t,,,,,,2025-10-06 09:08:40.035883,0.00,0.00,"{LinkedIn,FYI,FYI,FYI}","",2025-10-06 09:13:22.873631
